{"cameraMode":{"drawMode":0,"name":"Shaded","section":"Shading Mode"},"sceneLighting":false,"audioPlay":false,"sceneViewState":{"showFog":true,"showMaterialUpdate":true,"showSkybox":false,"showFlares":true,"showImageEffects":true,"showParticleSystems":true},"in2DMode":false,"pivot":{"x":-362.5968322753906,"y":3.6787548065185549,"z":-21.694238662719728},"rotation":{"x":-0.056880708783864978,"y":0.4552847146987915,"z":-0.029047951102256776,"w":-0.8880994319915772},"size":3.3624677658081056,"orthographic":false}