{"cameraMode":{"drawMode":0,"name":"Shaded","section":"Shading Mode"},"sceneLighting":false,"audioPlay":false,"sceneViewState":{"showFog":true,"showMaterialUpdate":true,"showSkybox":false,"showFlares":true,"showImageEffects":true,"showParticleSystems":true},"in2DMode":false,"pivot":{"x":-365.9007873535156,"y":0.7450860738754273,"z":-28.249774932861329},"rotation":{"x":-0.008838334120810032,"y":0.9868998527526856,"z":-0.1509772092103958,"w":-0.05717932805418968},"size":14.105743408203125,"orthographic":false}