{"cameraMode":{"drawMode":0,"name":"Shaded","section":"Shading Mode"},"sceneLighting":false,"audioPlay":false,"sceneViewState":{"showFog":true,"showMaterialUpdate":true,"showSkybox":false,"showFlares":true,"showImageEffects":true,"showParticleSystems":true},"in2DMode":false,"pivot":{"x":1.6700000762939454,"y":0.8602893352508545,"z":-0.1626041978597641},"rotation":{"x":-0.056880708783864978,"y":0.4552847146987915,"z":-0.029047951102256776,"w":-0.8880994319915772},"size":1.2665647268295289,"orthographic":false}