{"cameraMode":{"drawMode":0,"name":"Shaded","section":"Shading Mode"},"sceneLighting":false,"audioPlay":false,"sceneViewState":{"showFog":true,"showMaterialUpdate":true,"showSkybox":false,"showFlares":true,"showImageEffects":true,"showParticleSystems":true},"in2DMode":false,"pivot":{"x":0.0,"y":-0.13499996066093446,"z":-0.009999999776482582},"rotation":{"x":-0.035621482878923419,"y":0.9273788928985596,"z":-0.3611917197704315,"w":-0.09122464805841446},"size":2.83536958694458,"orthographic":false}