{"cameraMode":{"drawMode":0,"name":"Shaded","section":"Shading Mode"},"sceneLighting":false,"audioPlay":false,"sceneViewState":{"showFog":true,"showMaterialUpdate":true,"showSkybox":false,"showFlares":true,"showImageEffects":true,"showParticleSystems":true},"in2DMode":false,"pivot":{"x":-0.09153120219707489,"y":0.9708822965621948,"z":-0.14132875204086305},"rotation":{"x":0.01097868476063013,"y":-0.9279190897941589,"z":0.3717081546783447,"w":0.027271142229437829},"size":5.075348377227783,"orthographic":false}