{"cameraMode":{"drawMode":0,"name":"Shaded","section":"Shading Mode"},"sceneLighting":false,"audioPlay":false,"sceneViewState":{"showFog":true,"showMaterialUpdate":true,"showSkybox":false,"showFlares":true,"showImageEffects":true,"showParticleSystems":true},"in2DMode":false,"pivot":{"x":18.399999618530275,"y":2.8247733116149904,"z":-47.29999923706055},"rotation":{"x":0.003782993648201227,"y":-0.9930667877197266,"z":0.03278738260269165,"w":0.11309891939163208},"size":5.845381736755371,"orthographic":false}