{"cameraMode":{"drawMode":0,"name":"Shaded","section":"Shading Mode"},"sceneLighting":true,"audioPlay":false,"sceneViewState":{"showFog":true,"showMaterialUpdate":true,"showSkybox":true,"showFlares":true,"showImageEffects":true,"showParticleSystems":true},"in2DMode":false,"pivot":{"x":3.6999998092651369,"y":1.5080000162124634,"z":-39.89999771118164},"rotation":{"x":-0.004331476986408234,"y":0.9889166951179504,"z":-0.14642520248889924,"w":-0.026659613475203515},"size":1.0816901922225953,"orthographic":false}