{"cameraMode":{"drawMode":0,"name":"Shaded","section":"Shading Mode"},"sceneLighting":false,"audioPlay":false,"sceneViewState":{"showFog":true,"showMaterialUpdate":true,"showSkybox":false,"showFlares":true,"showImageEffects":true,"showParticleSystems":true},"in2DMode":false,"pivot":{"x":1.7881393432617188e-7,"y":0.925035834312439,"z":0.05089416354894638},"rotation":{"x":-0.035621482878923419,"y":0.9273788928985596,"z":-0.3611917197704315,"w":-0.09122464805841446},"size":1.307286024093628,"orthographic":false}