{"cameraMode":{"drawMode":0,"name":"Shaded","section":"Shading Mode"},"sceneLighting":false,"audioPlay":false,"sceneViewState":{"showFog":true,"showMaterialUpdate":true,"showSkybox":false,"showFlares":true,"showImageEffects":true,"showParticleSystems":true},"in2DMode":false,"pivot":{"x":1.0204936265945435,"y":0.9706270098686218,"z":0.1383153200149536},"rotation":{"x":-0.002271352568641305,"y":-0.9818737506866455,"z":0.18935628235340119,"w":-0.013610569760203362},"size":1.5734059810638428,"orthographic":false}