{"cameraMode":{"drawMode":0,"name":"Shaded","section":"Shading Mode"},"sceneLighting":false,"audioPlay":false,"sceneViewState":{"showFog":true,"showMaterialUpdate":true,"showSkybox":false,"showFlares":true,"showImageEffects":true,"showParticleSystems":true},"in2DMode":false,"pivot":{"x":-0.06500865519046784,"y":0.04320256784558296,"z":0.0006739050149917603},"rotation":{"x":0.004189716652035713,"y":-0.9936011433601379,"z":0.10772407799959183,"w":0.03545522689819336},"size":0.39592820405960085,"orthographic":false}