{"cameraMode":{"drawMode":0,"name":"Shaded","section":"Shading Mode"},"sceneLighting":false,"audioPlay":false,"sceneViewState":{"showFog":true,"showMaterialUpdate":true,"showSkybox":false,"showFlares":true,"showImageEffects":true,"showParticleSystems":true},"in2DMode":false,"pivot":{"x":-1.1920928955078126e-7,"y":0.776289701461792,"z":-0.2838158905506134},"rotation":{"x":0.0020685894414782526,"y":0.9931390285491943,"z":-0.11553820222616196,"w":0.020905474200844766},"size":1.8624526262283326,"orthographic":false}