{"cameraMode":{"drawMode":0,"name":"Shaded","section":"Shading Mode"},"sceneLighting":false,"audioPlay":false,"sceneViewState":{"showFog":true,"showMaterialUpdate":true,"showSkybox":false,"showFlares":true,"showImageEffects":true,"showParticleSystems":true},"in2DMode":false,"pivot":{"x":207.8239288330078,"y":113.01367950439453,"z":-0.8867740631103516},"rotation":{"x":0.13735473155975343,"y":0.08274755626916886,"z":-0.01199174951761961,"w":0.9870511889457703},"size":121.09346008300781,"orthographic":false}