{"cameraMode":{"drawMode":0,"name":"Shaded","section":"Shading Mode"},"sceneLighting":false,"audioPlay":false,"sceneViewState":{"showFog":true,"showMaterialUpdate":true,"showSkybox":false,"showFlares":true,"showImageEffects":true,"showParticleSystems":true},"in2DMode":false,"pivot":{"x":234.00994873046876,"y":145.8391876220703,"z":-3.2783308029174806},"rotation":{"x":-0.02160763368010521,"y":0.007795087527483702,"z":-0.00016905627853702754,"w":-0.9997377991676331},"size":24.522371292114259,"orthographic":false}