{"cameraMode":{"drawMode":0,"name":"Shaded","section":"Shading Mode"},"sceneLighting":false,"audioPlay":false,"sceneViewState":{"showFog":true,"showMaterialUpdate":true,"showSkybox":false,"showFlares":true,"showImageEffects":true,"showParticleSystems":true},"in2DMode":false,"pivot":{"x":-365.739990234375,"y":3.739999771118164,"z":-21.219999313354493},"rotation":{"x":-0.05693797022104263,"y":0.9222202897071838,"z":-0.14870776236057282,"w":-0.35247525572776797},"size":1.4603447914123536,"orthographic":false}