{"cameraMode":{"drawMode":0,"name":"Shaded","section":"Shading Mode"},"sceneLighting":false,"audioPlay":false,"sceneViewState":{"showFog":true,"showMaterialUpdate":true,"showSkybox":false,"showFlares":true,"showImageEffects":true,"showParticleSystems":true},"in2DMode":false,"pivot":{"x":-13.300000190734864,"y":1.5080000162124634,"z":3.700000047683716},"rotation":{"x":-0.008998648263514042,"y":0.022805726155638696,"z":-0.00019109304412268102,"w":0.999762237071991},"size":1.0816906690597535,"orthographic":false}