{"cameraMode":{"drawMode":0,"name":"Shaded","section":"Shading Mode"},"sceneLighting":false,"audioPlay":false,"sceneViewState":{"showFog":true,"showMaterialUpdate":true,"showSkybox":false,"showFlares":true,"showImageEffects":true,"showParticleSystems":true},"in2DMode":false,"pivot":{"x":-0.3664073348045349,"y":1.0992356538772584,"z":0.0},"rotation":{"x":-0.002271352568641305,"y":-0.9818737506866455,"z":0.18935628235340119,"w":-0.013610569760203362},"size":0.9504430890083313,"orthographic":false}