{"cameraMode":{"drawMode":0,"name":"Shaded","section":"Shading Mode"},"sceneLighting":false,"audioPlay":false,"sceneViewState":{"showFog":true,"showMaterialUpdate":true,"showSkybox":false,"showFlares":true,"showImageEffects":true,"showParticleSystems":true},"in2DMode":false,"pivot":{"x":-1.1920928955078126e-7,"y":1.1098439693450928,"z":-0.3743878901004791},"rotation":{"x":-0.00022546194668393582,"y":-0.9996786117553711,"z":-0.02398761734366417,"w":0.011399454437196255},"size":2.2136471271514894,"orthographic":false}