{"cameraMode":{"drawMode":0,"name":"Shaded","section":"Shading Mode"},"sceneLighting":false,"audioPlay":false,"sceneViewState":{"showFog":true,"showMaterialUpdate":true,"showSkybox":false,"showFlares":true,"showImageEffects":true,"showParticleSystems":true},"in2DMode":false,"pivot":{"x":-364.0369567871094,"y":2.1816341876983644,"z":-21.610755920410158},"rotation":{"x":-0.08923966437578201,"y":0.8271273374557495,"z":-0.1368565410375595,"w":-0.5378345251083374},"size":3.302335262298584,"orthographic":false}